1999,2003,2007,2011,14,2016
Whitefield,Whitefield,Whitefield,Neil,Neil,Neil
E. Smith,E. Smith,E. Smith,E. Smith,E. Smith,MacGregor
Craigie,Craigie,Craigie,Hepburn,Hepburn,Hepburn
A. Kerr,A. Kerr,A. Kerr,Fabiani,Fabiani,Fabiani
Peattie,Peattie,Peattie,A. MacDonald,A. MacDonald,A. MacDonald
