Constituency,1931,39,40,41,42,43,44,1945,45,46,47,32,48,49
Balham and Tooting,Butt,Doland,Doland,Doland,Doland,Doland,Doland,Adams,Adams,Adams,Adams,Butt,Adams,Adams
Battersea North,Marsden,Sanders,Douglas,Douglas,Douglas,Douglas,Douglas,Douglas,Douglas,Jay,Jay,Marsden,Jay,Jay
Battersea South,Selley,Selley,Selley,Selley,Selley,Selley,Selley,Ganley,Ganley,Ganley,Ganley,Selley,Ganley,Ganley
Bermondsey West,Salter,Salter,Salter,Salter,Salter,Salter,Salter,Sargood,Sargood,Sargood,Sargood,Salter,Sargood,Sargood
Bethnal Green North-East,Nathan,Chater,Chater,Chater,Chater,Chater,Chater,Chater,Chater,Chater,Chater,Nathan,Chater,Chater
