1983,2005,05,2010,11,12,14,2015,15,2017,1987,88,1992,95,96
Carter-Jones,Stewart,Stewart,,,,,,,,Lestor,Lestor,Lestor,Lestor,Lestor
Bennett,Gwynne,Gwynne,Gwynne,Gwynne,Gwynne,Gwynne,Gwynne,Gwynne,Gwynne,Bennett,Bennett,Bennett,Bennett,Bennett
Young,Iddon,Iddon,Qureshi,Qureshi,Qureshi,Qureshi,Qureshi,Qureshi,Qureshi,Young,Young,Young,Young,Young
Sheldon,Heyes,Heyes,Heyes,Heyes,Heyes,Heyes,Rayner,Rayner,Rayner,Sheldon,Sheldon,Sheldon,Sheldon,Sheldon
Callaghan,Dobbin,Dobbin,Dobbin,Dobbin,Dobbin,McInnes,McInnes,McInnes,McInnes,Callaghan,Callaghan,Callaghan,Callaghan,Callaghan
