Constituency,1918,25,28,1929,31,1931,33,1935,37,38,39,19,40,42
Ashton-under-Lyne,Stanley,Homan,Bellamy,Bellamy,Broadbent,Broadbent,Broadbent,Simpson,Simpson,Simpson,Jowitt,Stanley,Jowitt,Jowitt
Bolton,Tootill,Cunliffe,Cunliffe,Brothers,Brothers,Haslam,Haslam,Haslam,Haslam,Haslam,Haslam,Tootill,Cadogan,Cadogan
Bolton,Edge,Hilton,Hilton,Law,Law,Entwistle,Entwistle,Entwistle,Entwistle,Entwistle,Entwistle,Edge,Entwistle,Entwistle
Bury,Ainsworth,Ainsworth,Ainsworth,Ainsworth,Ainsworth,Ainsworth,Ainsworth,Chorlton,Chorlton,Chorlton,Chorlton,Ainsworth,Chorlton,Chorlton
Eccles,Stevens,Bethel,Bethel,Mort,Mort,Potter,Potter,Cary,Cary,Cary,Cary,Stevens,Cary,Cary
