1999,00,2003,05,06,2007,2011,2016
Welsh,J. Scott,J. Scott,J. Scott,J. Scott,J. Scott,J. Scott,J. Scott
Jamieson,Jamieson,Jamieson,Jamieson,Jamieson,Jamieson,Ingram,Freeman
Gillon,Gillon,Gillon,Gillon,Gillon,Gillon,A. Campbell,A. Campbell
Morgan,Morgan,Fergusson,Fergusson,Fergusson,Fergusson,Fergusson,Carson
Murray,Murray,Murray,Murray,Murray,Murray,Murray,O. Mundell
