A.Y.,Men's Basketball(2005),Men's Basketball(2006),Men's Basketball(2007),Women's Basketball(2005),Women's Basketball(2006),Men's Volleyball(2005),Men's Volleyball(2006),Women's Volleyball(2005),Women's Volleyball(2006)
1st,East,East,East,Ateneo,Far Eastern,Far Eastern,Benilde,Ateneo,La Salle
2nd,Santo Tomas,San Beda,Far Eastern,La Salle,Santo Tomas,Santo Tomas,San Beda,Santo Tomas,Far Eastern
3rd,Far Eastern,Far Eastern,Ateneo,Far Eastern,Ateneo,San Beda,Far Eastern,La Salle,Ateneo
4th,Ateneo,Ateneo,La Salle,Lyceum,La Salle,Lyceum,Santo Tomas,East,Lyceum
5th,La Salle,Santo Tomas,Adamson,Santo Tomas,Lyceum,Benilde,Lyceum,Far Eastern,Benilde
