1999,2003,06,2007,2011,12,2016
Lyon,Lyon,Lyon,Mather,Russell,Russell,Russell
Stone,Stone,Stone,Stone,Gibson,Gibson,Ross
F. Ewing,F. Ewing,F. Ewing,F. Ewing,F. Ewing,F. Ewing,F. Ewing
M. Ewing,M. Ewing,Lochhead,Lochhead,Lochhead,Lochhead,Lochhead
Munro,Munro,Munro,Munro,Thompson,Thompson,Forbes
